{
    "providers": {
        "awscloudformation": {
            "AuthRoleName": "amplify-disasterinsuranceeth-lassiesync-135541-authRole",
            "UnauthRoleArn": "arn:aws:iam::379850538182:role/amplify-disasterinsuranceeth-lassiesync-135541-unauthRole",
            "AuthRoleArn": "arn:aws:iam::379850538182:role/amplify-disasterinsuranceeth-lassiesync-135541-authRole",
            "Region": "us-east-1",
            "DeploymentBucketName": "amplify-disasterinsuranceeth-lassiesync-135541-deployment",
            "UnauthRoleName": "amplify-disasterinsuranceeth-lassiesync-135541-unauthRole",
            "StackName": "amplify-disasterinsuranceeth-lassiesync-135541",
            "StackId": "arn:aws:cloudformation:us-east-1:379850538182:stack/amplify-disasterinsuranceeth-lassiesync-135541/5a7cf7a0-34ac-11ea-a445-12f4ed1177e6",
            "AmplifyAppId": "d12cg454d6d4s2"
        }
    },
    "api": {
        "sensorview-lassie": {
            "service": "AppSync",
            "output": {
                "authConfig": {
                    "defaultAuthentication": {
                        "authenticationType": "AMAZON_COGNITO_USER_POOLS"
                    },
                    "additionalAuthenticationProviders": [
                        {
                            "authenticationType": "AWS_IAM"
                        },
                        {
                            "authenticationType": "API_KEY"
                        }
                    ],
                    "userPoolConfig": {
                        "userPoolId": "us-east-1_w4RUYHBun",
                        "awsRegion": "us-east-1",
                        "defaultAction": "ALLOW",
                        "appIdClientRegex": null
                    }
                },
                "GraphQLAPIIdOutput": "7kd4fhzt7bhwthlx6bgeeyze5y",
                "GraphQLAPIEndpointOutput": "https://vvkmaenj5bctdfr5cwu35lrh44.appsync-api.us-east-1.amazonaws.com/graphql",
                "name": "sensorview-lassie",
                "region": "us-east-1",
                "GraphQLAPIKeyOutput": "da2-iymnyu7ryzh47bkg4uza25xhfm"
            },
            "lastPushTimeStamp": "2020-01-11T19:56:37.452Z"
        }
    }
}